snapshot,t_start,N,E,density,deg_cv,clustering,modularity,size_cv,K_louvain,k_distinct_norm,nmi_structural_change,prediction
0,0,688,3257,0.013781693239903862,1.03742389023892,0.2916816626524783,0.5690323451560226,0.3641735347876025,10,1.0,,intermediate
1,604800,687,3293,0.013974647875369737,1.0330564860820117,0.292874137934675,0.5670996525311262,0.5430378720640567,12,1.0,0.7148869534905821,intermediate
2,1209600,702,3361,0.013659769722537197,1.047788823559019,0.306200058400147,0.5761791825851974,0.683742877261019,12,1.0,0.7503604371470288,intermediate
3,1814400,701,3455,0.014081923782351742,1.0342055676261028,0.31038536274598216,0.5842594365011383,0.5175997562921176,12,1.0,0.7670390443842166,intermediate
4,2419200,701,3484,0.014200122274302018,1.047711925666323,0.31831495758131495,0.5792745267524428,0.6607237608597528,11,1.0,0.7504193869631492,intermediate
5,3024000,716,3762,0.014697034808766652,1.0679138765884393,0.3284863979334066,0.5712882341985003,0.39693317314986176,11,1.0,0.7990352178365105,intermediate
6,3628800,712,3521,0.013910618056543245,1.0702739436583943,0.3284177965127264,0.5701369742352475,0.40620250297736055,11,1.0,0.7074274697805414,intermediate
7,4233600,701,3171,0.012924393723252497,1.0948211177624008,0.3219720272305772,0.5736485580007481,0.7010305637813617,11,1.0,0.7337087385645694,intermediate
8,4838400,695,3249,0.013472104161051561,1.1101859368029423,0.32570489724150503,0.5603607843538477,0.6026784925262889,10,1.0,0.7136696626504011,intermediate
9,5443200,677,3036,0.013267723073426971,1.0692231309083475,0.30547929521121014,0.5700670782407335,0.5790929330550268,11,1.0,0.6724694266240722,intermediate
10,6048000,673,3062,0.013541003325550131,1.0581104194213493,0.3043528979397528,0.5749812496880281,0.4752065504437752,10,1.0,0.7243005143564114,intermediate
11,6652800,689,3580,0.015104465521315016,1.0370680250766746,0.32283818154889254,0.5759927124621579,0.47887143573130503,11,1.0,0.8291692844367774,intermediate
12,7257600,691,3482,0.014606011032110573,1.0119791079200906,0.31091448630939184,0.5867844260842914,0.512298968983797,12,1.0,0.7757948855588171,intermediate
13,7862400,692,3462,0.014480145219711735,1.01467261891793,0.32581971673916327,0.5960686562800678,0.4938053903855155,12,1.0,0.8246481144015653,intermediate
14,8467200,693,3428,0.014296557649158805,1.027818251593844,0.3338825449793626,0.5929815667936099,0.25643641938735734,10,1.0,0.7659425149282386,intermediate
15,9072000,688,3427,0.014501032463356014,1.0062489475405874,0.34042110039893164,0.6020469538957909,0.5538687133694593,12,1.0,0.7656049276074182,intermediate
16,9676800,687,3421,0.014517847063965948,1.0132356202444353,0.33435363959578346,0.5970587549209659,0.5279811278531593,11,1.0,0.8146986631092099,intermediate
17,10281600,700,3446,0.014085428162681381,1.034185113889482,0.3204372720023442,0.5996344732038527,0.4446507457705269,10,1.0,0.7632086078714,intermediate
18,10886400,704,3494,0.014119681882839777,1.0553994254828174,0.305696432881977,0.5795273703321321,0.3462356133449404,9,1.0,0.7651616480191002,intermediate
19,11491200,701,3516,0.014330548196454046,1.0626833292643743,0.2921217123703014,0.5735686512235306,0.3528155129305631,10,1.0,0.7169340475200082,intermediate
20,12096000,702,3515,0.014285656225741818,1.086106013000682,0.29623808914418176,0.5684692103947925,0.40996448144697123,11,1.0,0.7690030252925183,intermediate
21,12700800,708,3551,0.014188222696361646,1.102269657051527,0.2934041597150316,0.5668484672909159,0.39065866344461386,11,1.0,0.7759256246851526,intermediate
22,13305600,711,3693,0.014631247400011886,1.1085157622321855,0.31417294118883093,0.5616174041110409,0.47628266352171716,12,1.0,0.7179787392567464,intermediate
23,13910400,697,3579,0.01475535546430515,1.0879589314508802,0.32091781899130106,0.5757446908837143,0.46503308624340584,12,1.0,0.7504072831580444,intermediate
24,14515200,693,3535,0.0147428037601448,1.1131459591472102,0.324226390278344,0.574566719149183,0.45392889767746913,11,1.0,0.7752693358145543,intermediate
25,15120000,708,3598,0.014376013872573697,1.1361528442463344,0.33317290572999414,0.5773736783544436,0.36185768086297077,10,1.0,0.7741741918400568,intermediate
26,15724800,714,3702,0.014543825945525475,1.144539301162374,0.32540894351025157,0.5659967482935181,0.5393739081772345,11,1.0,0.7352488218837038,intermediate
27,16329600,705,3613,0.014559155383623469,1.1247412832562649,0.3148658851983984,0.5660808767184404,0.40939128874763514,11,1.0,0.730341984387061,intermediate
28,16934400,712,3919,0.01548301964316756,1.136666653415168,0.3217386965025994,0.5573305663206338,0.532383039308035,11,1.0,0.7767525136289026,intermediate
29,17539200,713,3961,0.015605055391840143,1.125506069304115,0.3215861557298755,0.5454751614150617,0.5383228309936001,10,1.0,0.8052326826754966,intermediate
30,18144000,717,4096,0.015957239584550774,1.1155817189088932,0.3295458252793247,0.5319685637950897,0.4224836565181856,10,1.0,0.7443982326161035,intermediate
31,18748800,723,4133,0.015835067029880884,1.121798580636752,0.3427785963274529,0.5349003544087473,0.508153365042483,12,1.0,0.7146826885715942,intermediate
32,19353600,720,4001,0.015457425436563128,1.132215262960051,0.33492501865948937,0.544940995443466,0.5305482838361476,12,1.0,0.8303555919004924,intermediate
33,19958400,715,3917,0.01534543887485064,1.10049820242187,0.3439335452010058,0.5542754040650363,0.46530356615358204,9,1.0,0.7524196635161073,intermediate
34,20563200,697,3753,0.01547271557908277,1.0862656760378715,0.33794502091228773,0.5544997166845971,0.6229577705821344,12,1.0,0.7075360503260891,intermediate
35,21168000,679,3352,0.014562453026096853,1.073954292997998,0.32397891735489476,0.5679128710960862,0.6993674648972857,11,1.0,0.6699987623480728,intermediate
36,21772800,676,3095,0.01356563664255972,1.0602748628456566,0.31179490463505444,0.5979967689822293,0.4846204419905027,11,1.0,0.7035268181438467,intermediate
37,22377600,672,2861,0.012689837484919453,1.054346917991975,0.2969149561555616,0.6063574660053039,0.5634204487244107,12,1.0,0.7225538753832493,intermediate
38,22982400,664,2591,0.01177106616511294,1.063243769383801,0.2849728488006159,0.6210633071965853,0.5847059761375725,13,1.0,0.7279607634926762,intermediate
39,23587200,651,2469,0.011669620701878767,1.039199120753612,0.29639655177495616,0.6250884807169862,0.4714195369417092,13,1.0,0.7803231795633593,intermediate
40,24192000,660,2570,0.011817721984641559,1.0742675553516257,0.3122531130313021,0.6149077200260413,0.46116891447360986,13,1.0,0.7104627930175063,intermediate
41,24796800,668,2781,0.01248327931842462,1.056752552451637,0.3103232408529215,0.6104211024596581,0.6037779810550982,13,1.0,0.7161033529525777,intermediate
42,25401600,668,3131,0.014054350070473745,1.0600270077138085,0.31392247836180076,0.5834622118314695,0.7154623727541964,12,1.0,0.7778099749694393,intermediate
43,26006400,672,3404,0.015098289688453623,1.0534971483436935,0.31971707031133073,0.5670292587969362,0.5895111401438836,11,1.0,0.7954809525241802,intermediate
44,26611200,688,3675,0.015550421448156798,1.0530607674593395,0.3257071338829043,0.5660287472812253,0.5005911864639515,12,1.0,0.7157413163110963,intermediate
45,27216000,697,3845,0.015852009432873234,1.0893800714886837,0.3189303247652157,0.5446263111703341,0.4498299822385295,11,1.0,0.7253996623944543,intermediate
46,27820800,700,3952,0.016153688943388513,1.0839265837643104,0.3210769063936113,0.5414163727380388,0.5026013960041358,11,1.0,0.6784559890584332,intermediate
47,28425600,706,4025,0.01617342736021538,1.0906002600058031,0.3241350325099477,0.5349334362100229,0.550596288419551,10,1.0,0.6590875511106593,intermediate
48,29030400,711,4054,0.016061488480814564,1.119044849191898,0.32361297214211215,0.5340216220149832,0.36047630649458695,10,1.0,0.6582274207255036,intermediate
49,29635200,718,4123,0.016017684331573447,1.1275747897744597,0.32833709615114864,0.53596048950508,0.507063261231902,9,1.0,0.6718094124382799,intermediate
50,30240000,719,4098,0.0158762750802918,1.111639710476055,0.33449177139924385,0.5615764489861736,0.5296634842639089,11,1.0,0.6719330597163052,intermediate
51,30844800,734,4114,0.01529305493083926,1.110233396103762,0.3255239808618585,0.5478076627019587,0.6660606748684027,12,1.0,0.7866522856207351,intermediate
52,31449600,735,4072,0.015095738567906726,1.070678572992606,0.3358218669755501,0.5701935398581911,0.5472060808200052,11,1.0,0.7406608556727758,intermediate
53,32054400,734,3748,0.013932515770730566,1.066485194913188,0.32091979175650737,0.5727698671593188,0.6156772072111121,13,1.0,0.7569320170726589,intermediate
54,32659200,719,3290,0.012745960227955107,1.0547549328303376,0.29737520709591553,0.5855537642852523,0.5425038271989692,12,1.0,0.7417058874487542,intermediate
55,33264000,692,2828,0.011828379746200112,1.0487830727428664,0.30130806679448635,0.6142759488365487,0.5241343623829667,12,1.0,0.7670180039890778,intermediate
56,33868800,628,1968,0.009996038155609057,1.1346768854805247,0.2535650504167015,0.6145680997587415,0.41815662578776697,12,1.0,0.6534792558966714,intermediate
57,34473600,682,2589,0.011148862505974912,1.095267427102296,0.28378783437203603,0.610311981895654,0.6695856610424883,13,1.0,0.6078931679349371,intermediate
58,35078400,718,3029,0.011767539616865382,1.0865208180979715,0.28925436873972504,0.6046895526581878,0.47536106398554256,12,1.0,0.7318775967593375,intermediate
59,35683200,735,3310,0.012270848393853454,1.0831968067059796,0.2886702171363276,0.5905198930276285,0.6024246441631049,13,1.0,0.7439638757219328,intermediate
60,36288000,766,4126,0.014082151572552432,1.0949389794890914,0.3048598266950882,0.5742916008081824,0.5040652386568377,12,1.0,0.7816713050126174,intermediate
61,36892800,777,4345,0.014412424206238639,1.089367613984351,0.31412647874452615,0.5770228865102938,0.5029047074794953,12,1.0,0.8032809056678986,intermediate
62,37497600,748,4068,0.014560917466658076,1.0517452073084017,0.3115962866818871,0.5909858426900024,0.5541665587121062,12,1.0,0.7942972626223157,intermediate
63,38102400,751,4543,0.016131380381713273,1.0460152185369458,0.3309933256016124,0.5783806548514406,0.6246170597826356,12,1.0,0.8208872925762688,intermediate
64,38707200,744,4344,0.015716580558329352,1.0340526598733872,0.3427809768335034,0.5815383732435924,0.6975379127939544,12,1.0,0.8239956374760906,intermediate
65,39312000,748,4297,0.015380595465641533,1.0440952119533624,0.33976068196827897,0.5822318735668557,0.6109025936232332,12,1.0,0.793158946384565,intermediate
66,39916800,749,4503,0.016074909148026246,1.0899325628170906,0.33406571931379087,0.5507543543527549,0.5465916124474262,11,1.0,0.7750244332880497,intermediate
67,40521600,758,4581,0.015967069009386447,1.0962121160747023,0.341688960089967,0.5652221782396001,0.3783221623664204,10,1.0,0.765275169690037,intermediate
68,41126400,763,4583,0.015765231180964765,1.1006363173447269,0.34063379208629974,0.5579375800357733,0.5051927396983815,10,1.0,0.8532074247884129,intermediate
69,41731200,767,4731,0.016104928836707392,1.099765571484427,0.35368327280538603,0.5445377277222899,0.5972441152839559,12,1.0,0.7553566225349024,intermediate
70,42336000,764,4574,0.01569308255508361,1.0676900383426688,0.33350359068985674,0.555288140282263,0.410352317434266,12,1.0,0.7653900319798099,intermediate
71,42940800,758,4255,0.014830796471281235,1.0695305916235165,0.32432477958156797,0.5661377711436466,0.43905441316159055,11,1.0,0.7614045292972518,intermediate
72,43545600,740,3769,0.013784149508100793,1.067589057523791,0.30565979346330985,0.5758676953017948,0.556267825200067,11,1.0,0.7713237218098876,intermediate
73,44150400,713,3027,0.011925398301211844,1.080745360782392,0.30480605043883624,0.592723576131085,0.4208975923406544,13,1.0,0.7427969510645248,intermediate
74,44755200,639,1963,0.009630054797611864,1.0541981524244868,0.25788530622973754,0.6537721925930271,0.42924596186520697,15,1.0,0.6988480172429056,intermediate
75,66528000,232,289,0.010785191819674578,0.9158967582673802,0.08799208102580314,0.7823780845535853,0.49334151475256877,13,0.98,0.4914020890571706,intermediate
